[{"model": "admin.logentry", "pk": 1, "fields": {"action_time": "2024-04-11T18:24:51.270Z", "user": 10, "content_type": 12, "object_id": "1", "object_repr": "127.0.0.1", "action_flag": 2, "change_message": "[{\"changed\": {\"fields\": [\"Domain name\"]}}]"}}, {"model": "admin.logentry", "pk": 2, "fields": {"action_time": "2024-04-11T18:41:47.984Z", "user": 10, "content_type": 17, "object_id": "1", "object_repr": "News Portal", "action_flag": 1, "change_message": "[{\"added\": {}}]"}}, {"model": "admin.logentry", "pk": 3, "fields": {"action_time": "2024-04-11T18:43:39.369Z", "user": 10, "content_type": 17, "object_id": "1", "object_repr": "News Portal", "action_flag": 2, "change_message": "[]"}}, {"model": "admin.logentry", "pk": 4, "fields": {"action_time": "2024-04-11T18:53:11.555Z", "user": 10, "content_type": 3, "object_id": "1", "object_repr": "common", "action_flag": 1, "change_message": "[{\"added\": {}}]"}}, {"model": "admin.logentry", "pk": 5, "fields": {"action_time": "2024-04-11T18:53:19.724Z", "user": 10, "content_type": 3, "object_id": "2", "object_repr": "authors", "action_flag": 1, "change_message": "[{\"added\": {}}]"}}, {"model": "admin.logentry", "pk": 6, "fields": {"action_time": "2024-04-11T18:53:38.743Z", "user": 10, "content_type": 4, "object_id": "6", "object_repr": "333", "action_flag": 3, "change_message": ""}}, {"model": "admin.logentry", "pk": 7, "fields": {"action_time": "2024-04-11T18:53:45.014Z", "user": 10, "content_type": 4, "object_id": "9", "object_repr": "66t75", "action_flag": 3, "change_message": ""}}, {"model": "admin.logentry", "pk": 8, "fields": {"action_time": "2024-04-11T20:19:55.063Z", "user": 10, "content_type": 3, "object_id": "2", "object_repr": "authors", "action_flag": 2, "change_message": "[{\"changed\": {\"fields\": [\"Permissions\"]}}]"}}, {"model": "admin.logentry", "pk": 9, "fields": {"action_time": "2024-04-19T20:06:02.519Z", "user": 10, "content_type": 4, "object_id": "16", "object_repr": "surmalyank6", "action_flag": 3, "change_message": ""}}, {"model": "admin.logentry", "pk": 10, "fields": {"action_time": "2024-04-19T20:06:13.847Z", "user": 10, "content_type": 4, "object_id": "14", "object_repr": "surmalyank", "action_flag": 3, "change_message": ""}}, {"model": "auth.permission", "pk": 1, "fields": {"name": "Can add log entry", "content_type": 1, "codename": "add_logentry"}}, {"model": "auth.permission", "pk": 2, "fields": {"name": "Can change log entry", "content_type": 1, "codename": "change_logentry"}}, {"model": "auth.permission", "pk": 3, "fields": {"name": "Can delete log entry", "content_type": 1, "codename": "delete_logentry"}}, {"model": "auth.permission", "pk": 4, "fields": {"name": "Can view log entry", "content_type": 1, "codename": "view_logentry"}}, {"model": "auth.permission", "pk": 5, "fields": {"name": "Can add permission", "content_type": 2, "codename": "add_permission"}}, {"model": "auth.permission", "pk": 6, "fields": {"name": "Can change permission", "content_type": 2, "codename": "change_permission"}}, {"model": "auth.permission", "pk": 7, "fields": {"name": "Can delete permission", "content_type": 2, "codename": "delete_permission"}}, {"model": "auth.permission", "pk": 8, "fields": {"name": "Can view permission", "content_type": 2, "codename": "view_permission"}}, {"model": "auth.permission", "pk": 9, "fields": {"name": "Can add group", "content_type": 3, "codename": "add_group"}}, {"model": "auth.permission", "pk": 10, "fields": {"name": "Can change group", "content_type": 3, "codename": "change_group"}}, {"model": "auth.permission", "pk": 11, "fields": {"name": "Can delete group", "content_type": 3, "codename": "delete_group"}}, {"model": "auth.permission", "pk": 12, "fields": {"name": "Can view group", "content_type": 3, "codename": "view_group"}}, {"model": "auth.permission", "pk": 13, "fields": {"name": "Can add user", "content_type": 4, "codename": "add_user"}}, {"model": "auth.permission", "pk": 14, "fields": {"name": "Can change user", "content_type": 4, "codename": "change_user"}}, {"model": "auth.permission", "pk": 15, "fields": {"name": "Can delete user", "content_type": 4, "codename": "delete_user"}}, {"model": "auth.permission", "pk": 16, "fields": {"name": "Can view user", "content_type": 4, "codename": "view_user"}}, {"model": "auth.permission", "pk": 17, "fields": {"name": "Can add content type", "content_type": 5, "codename": "add_contenttype"}}, {"model": "auth.permission", "pk": 18, "fields": {"name": "Can change content type", "content_type": 5, "codename": "change_contenttype"}}, {"model": "auth.permission", "pk": 19, "fields": {"name": "Can delete content type", "content_type": 5, "codename": "delete_contenttype"}}, {"model": "auth.permission", "pk": 20, "fields": {"name": "Can view content type", "content_type": 5, "codename": "view_contenttype"}}, {"model": "auth.permission", "pk": 21, "fields": {"name": "Can add session", "content_type": 6, "codename": "add_session"}}, {"model": "auth.permission", "pk": 22, "fields": {"name": "Can change session", "content_type": 6, "codename": "change_session"}}, {"model": "auth.permission", "pk": 23, "fields": {"name": "Can delete session", "content_type": 6, "codename": "delete_session"}}, {"model": "auth.permission", "pk": 24, "fields": {"name": "Can view session", "content_type": 6, "codename": "view_session"}}, {"model": "auth.permission", "pk": 25, "fields": {"name": "Can add author", "content_type": 7, "codename": "add_author"}}, {"model": "auth.permission", "pk": 26, "fields": {"name": "Can change author", "content_type": 7, "codename": "change_author"}}, {"model": "auth.permission", "pk": 27, "fields": {"name": "Can delete author", "content_type": 7, "codename": "delete_author"}}, {"model": "auth.permission", "pk": 28, "fields": {"name": "Can view author", "content_type": 7, "codename": "view_author"}}, {"model": "auth.permission", "pk": 29, "fields": {"name": "Can add category", "content_type": 8, "codename": "add_category"}}, {"model": "auth.permission", "pk": 30, "fields": {"name": "Can change category", "content_type": 8, "codename": "change_category"}}, {"model": "auth.permission", "pk": 31, "fields": {"name": "Can delete category", "content_type": 8, "codename": "delete_category"}}, {"model": "auth.permission", "pk": 32, "fields": {"name": "Can view category", "content_type": 8, "codename": "view_category"}}, {"model": "auth.permission", "pk": 33, "fields": {"name": "Can add post", "content_type": 9, "codename": "add_post"}}, {"model": "auth.permission", "pk": 34, "fields": {"name": "Can change post", "content_type": 9, "codename": "change_post"}}, {"model": "auth.permission", "pk": 35, "fields": {"name": "Can delete post", "content_type": 9, "codename": "delete_post"}}, {"model": "auth.permission", "pk": 36, "fields": {"name": "Can view post", "content_type": 9, "codename": "view_post"}}, {"model": "auth.permission", "pk": 37, "fields": {"name": "Can add post category", "content_type": 10, "codename": "add_postcategory"}}, {"model": "auth.permission", "pk": 38, "fields": {"name": "Can change post category", "content_type": 10, "codename": "change_postcategory"}}, {"model": "auth.permission", "pk": 39, "fields": {"name": "Can delete post category", "content_type": 10, "codename": "delete_postcategory"}}, {"model": "auth.permission", "pk": 40, "fields": {"name": "Can view post category", "content_type": 10, "codename": "view_postcategory"}}, {"model": "auth.permission", "pk": 41, "fields": {"name": "Can add comment", "content_type": 11, "codename": "add_comment"}}, {"model": "auth.permission", "pk": 42, "fields": {"name": "Can change comment", "content_type": 11, "codename": "change_comment"}}, {"model": "auth.permission", "pk": 43, "fields": {"name": "Can delete comment", "content_type": 11, "codename": "delete_comment"}}, {"model": "auth.permission", "pk": 44, "fields": {"name": "Can view comment", "content_type": 11, "codename": "view_comment"}}, {"model": "auth.permission", "pk": 45, "fields": {"name": "Can add site", "content_type": 12, "codename": "add_site"}}, {"model": "auth.permission", "pk": 46, "fields": {"name": "Can change site", "content_type": 12, "codename": "change_site"}}, {"model": "auth.permission", "pk": 47, "fields": {"name": "Can delete site", "content_type": 12, "codename": "delete_site"}}, {"model": "auth.permission", "pk": 48, "fields": {"name": "Can view site", "content_type": 12, "codename": "view_site"}}, {"model": "auth.permission", "pk": 49, "fields": {"name": "Can add flat page", "content_type": 13, "codename": "add_flatpage"}}, {"model": "auth.permission", "pk": 50, "fields": {"name": "Can change flat page", "content_type": 13, "codename": "change_flatpage"}}, {"model": "auth.permission", "pk": 51, "fields": {"name": "Can delete flat page", "content_type": 13, "codename": "delete_flatpage"}}, {"model": "auth.permission", "pk": 52, "fields": {"name": "Can view flat page", "content_type": 13, "codename": "view_flatpage"}}, {"model": "auth.permission", "pk": 53, "fields": {"name": "Can add email address", "content_type": 14, "codename": "add_emailaddress"}}, {"model": "auth.permission", "pk": 54, "fields": {"name": "Can change email address", "content_type": 14, "codename": "change_emailaddress"}}, {"model": "auth.permission", "pk": 55, "fields": {"name": "Can delete email address", "content_type": 14, "codename": "delete_emailaddress"}}, {"model": "auth.permission", "pk": 56, "fields": {"name": "Can view email address", "content_type": 14, "codename": "view_emailaddress"}}, {"model": "auth.permission", "pk": 57, "fields": {"name": "Can add email confirmation", "content_type": 15, "codename": "add_emailconfirmation"}}, {"model": "auth.permission", "pk": 58, "fields": {"name": "Can change email confirmation", "content_type": 15, "codename": "change_emailconfirmation"}}, {"model": "auth.permission", "pk": 59, "fields": {"name": "Can delete email confirmation", "content_type": 15, "codename": "delete_emailconfirmation"}}, {"model": "auth.permission", "pk": 60, "fields": {"name": "Can view email confirmation", "content_type": 15, "codename": "view_emailconfirmation"}}, {"model": "auth.permission", "pk": 61, "fields": {"name": "Can add social account", "content_type": 16, "codename": "add_socialaccount"}}, {"model": "auth.permission", "pk": 62, "fields": {"name": "Can change social account", "content_type": 16, "codename": "change_socialaccount"}}, {"model": "auth.permission", "pk": 63, "fields": {"name": "Can delete social account", "content_type": 16, "codename": "delete_socialaccount"}}, {"model": "auth.permission", "pk": 64, "fields": {"name": "Can view social account", "content_type": 16, "codename": "view_socialaccount"}}, {"model": "auth.permission", "pk": 65, "fields": {"name": "Can add social application", "content_type": 17, "codename": "add_socialapp"}}, {"model": "auth.permission", "pk": 66, "fields": {"name": "Can change social application", "content_type": 17, "codename": "change_socialapp"}}, {"model": "auth.permission", "pk": 67, "fields": {"name": "Can delete social application", "content_type": 17, "codename": "delete_socialapp"}}, {"model": "auth.permission", "pk": 68, "fields": {"name": "Can view social application", "content_type": 17, "codename": "view_socialapp"}}, {"model": "auth.permission", "pk": 69, "fields": {"name": "Can add social application token", "content_type": 18, "codename": "add_socialtoken"}}, {"model": "auth.permission", "pk": 70, "fields": {"name": "Can change social application token", "content_type": 18, "codename": "change_socialtoken"}}, {"model": "auth.permission", "pk": 71, "fields": {"name": "Can delete social application token", "content_type": 18, "codename": "delete_socialtoken"}}, {"model": "auth.permission", "pk": 72, "fields": {"name": "Can view social application token", "content_type": 18, "codename": "view_socialtoken"}}, {"model": "auth.permission", "pk": 73, "fields": {"name": "Can add django job", "content_type": 19, "codename": "add_djangojob"}}, {"model": "auth.permission", "pk": 74, "fields": {"name": "Can change django job", "content_type": 19, "codename": "change_djangojob"}}, {"model": "auth.permission", "pk": 75, "fields": {"name": "Can delete django job", "content_type": 19, "codename": "delete_djangojob"}}, {"model": "auth.permission", "pk": 76, "fields": {"name": "Can view django job", "content_type": 19, "codename": "view_djangojob"}}, {"model": "auth.permission", "pk": 77, "fields": {"name": "Can add django job execution", "content_type": 20, "codename": "add_djangojobexecution"}}, {"model": "auth.permission", "pk": 78, "fields": {"name": "Can change django job execution", "content_type": 20, "codename": "change_djangojobexecution"}}, {"model": "auth.permission", "pk": 79, "fields": {"name": "Can delete django job execution", "content_type": 20, "codename": "delete_djangojobexecution"}}, {"model": "auth.permission", "pk": 80, "fields": {"name": "Can view django job execution", "content_type": 20, "codename": "view_djangojobexecution"}}, {"model": "auth.group", "pk": 1, "fields": {"name": "common", "permissions": []}}, {"model": "auth.group", "pk": 2, "fields": {"name": "authors", "permissions": [33, 34]}}, {"model": "auth.user", "pk": 1, "fields": {"password": "!VTDq7GlGVTSYf1waUmQB2kssnOnx33tC63uqEQsb", "last_login": null, "is_superuser": false, "username": "user1", "first_name": "", "last_name": "", "email": "", "is_staff": false, "is_active": true, "date_joined": "2024-03-17T16:32:08.621Z", "groups": [], "user_permissions": []}}, {"model": "auth.user", "pk": 2, "fields": {"password": "!sNDfSrhIQRkJ0WxUrbMPM0S9tQ8HJaJ13cjNde7w", "last_login": null, "is_superuser": false, "username": "user2", "first_name": "", "last_name": "", "email": "", "is_staff": false, "is_active": true, "date_joined": "2024-03-17T16:32:08.623Z", "groups": [], "user_permissions": []}}, {"model": "auth.user", "pk": 3, "fields": {"password": "pbkdf2_sha256$600000$piVh6OdBIHHfpNA06FA9b4$UwrJlyt4ab/FTBXI9rzje4ASQev8HG3csGrQ5t0DWdk=", "last_login": null, "is_superuser": false, "username": "1", "first_name": "", "last_name": "", "email": "1@example.com", "is_staff": false, "is_active": true, "date_joined": "2024-04-10T20:59:30.866Z", "groups": [], "user_permissions": []}}, {"model": "auth.user", "pk": 4, "fields": {"password": "pbkdf2_sha256$600000$9OwK1bwGboY4yFeb9Z0zxC$70/JGuSSuFgKgVvu8oBpNk4jOyrqQPwTie7hUSjRr7c=", "last_login": null, "is_superuser": false, "username": "234", "first_name": "", "last_name": "", "email": "234@example.com", "is_staff": false, "is_active": true, "date_joined": "2024-04-10T21:20:50.216Z", "groups": [], "user_permissions": []}}, {"model": "auth.user", "pk": 5, "fields": {"password": "pbkdf2_sha256$600000$amxBpmlqqagsSGoL4sMykd$q95rCIn7x45jE3qtbFT/mSPZVwSk9g1oXCpgPyl2R3k=", "last_login": "2024-04-11T11:31:57.079Z", "is_superuser": false, "username": "123", "first_name": "", "last_name": "", "email": "123@example.com", "is_staff": false, "is_active": true, "date_joined": "2024-04-10T21:23:00.285Z", "groups": [], "user_permissions": []}}, {"model": "auth.user", "pk": 7, "fields": {"password": "pbkdf2_sha256$600000$ZlNFzB6nA3u8ksGySyLOxb$HNWVbE/PsCLgTI1C7/a/KE3WWckqoiK/SbFxCSB1Nzc=", "last_login": "2024-04-11T11:07:03.944Z", "is_superuser": false, "username": "23", "first_name": "", "last_name": "", "email": "23@example.com", "is_staff": false, "is_active": true, "date_joined": "2024-04-11T11:07:03.669Z", "groups": [], "user_permissions": []}}, {"model": "auth.user", "pk": 8, "fields": {"password": "pbkdf2_sha256$600000$A7Zb6ElJ5Z6tgcyBHlwH2V$KXS2rYjpT+OLgretVQMjl8ra5q00QhnyDRQKe0zFDbA=", "last_login": "2024-04-11T11:26:29.359Z", "is_superuser": false, "username": "456", "first_name": "", "last_name": "", "email": "456@example.com", "is_staff": false, "is_active": true, "date_joined": "2024-04-11T11:26:29.091Z", "groups": [], "user_permissions": []}}, {"model": "auth.user", "pk": 10, "fields": {"password": "pbkdf2_sha256$600000$iMhegjaMQuthk8ESuka0of$bG+AIe0TLeHTDFyvfddElh1b9Gt6ogTZDUuUsYB2jm8=", "last_login": "2024-04-19T20:05:24.483Z", "is_superuser": true, "username": "111", "first_name": "", "last_name": "", "email": "111@example.com", "is_staff": true, "is_active": true, "date_joined": "2024-04-11T11:33:07.305Z", "groups": [2], "user_permissions": []}}, {"model": "auth.user", "pk": 11, "fields": {"password": "!98B28iuCAfWyc5eq9bKVIyOb6yQYoNHUMEkF9Rsl", "last_login": "2024-04-17T21:22:13.578Z", "is_superuser": false, "username": "ksurmalyan", "first_name": "Карине", "last_name": "Сурмалян", "email": "ksurmalyan@yandex.ru", "is_staff": false, "is_active": true, "date_joined": "2024-04-11T18:43:44.296Z", "groups": [], "user_permissions": []}}, {"model": "auth.user", "pk": 12, "fields": {"password": "pbkdf2_sha256$600000$QOouXhO2qKGZpgj0K2ANT4$Ff5gJqHd56LzxTmvFC+maXkprJ4YnmhQq7xsdf/uL0M=", "last_login": null, "is_superuser": false, "username": "454", "first_name": "", "last_name": "", "email": "454@example.com", "is_staff": false, "is_active": true, "date_joined": "2024-04-11T18:56:31.452Z", "groups": [], "user_permissions": []}}, {"model": "auth.user", "pk": 13, "fields": {"password": "pbkdf2_sha256$600000$kRfEQDwWqC3JdnX2FjR0CU$hC4MkCUURNZCkSyIO2KR/UPGEgKo4jQL7jftGIw2hKs=", "last_login": "2024-04-11T19:23:03.244Z", "is_superuser": false, "username": "group", "first_name": "", "last_name": "", "email": "group@example.com", "is_staff": false, "is_active": true, "date_joined": "2024-04-11T19:23:02.970Z", "groups": [1, 2], "user_permissions": []}}, {"model": "auth.user", "pk": 15, "fields": {"password": "pbkdf2_sha256$600000$CDtVQeEo13JmGoUrDjp8Su$NO9ZC09gujcuDwBzNv4uVvDJOuDtMbuICRymETckxT4=", "last_login": null, "is_superuser": false, "username": "13", "first_name": "", "last_name": "", "email": "1@yandex.com", "is_staff": false, "is_active": true, "date_joined": "2024-04-17T21:05:30.586Z", "groups": [1], "user_permissions": []}}, {"model": "auth.user", "pk": 17, "fields": {"password": "pbkdf2_sha256$600000$ym2E2kgK4Gk0OvJO3L0D0H$sEGzfkpbC2pOZoLjqVsYPUoUU4rqT/3ZVdZVc1cs7KQ=", "last_login": "2024-04-24T22:09:28.114Z", "is_superuser": false, "username": "surmalyank", "first_name": "", "last_name": "", "email": "surmalyank@mail.ru", "is_staff": false, "is_active": true, "date_joined": "2024-04-19T20:08:12.357Z", "groups": [1], "user_permissions": []}}, {"model": "contenttypes.contenttype", "pk": 1, "fields": {"app_label": "admin", "model": "logentry"}}, {"model": "contenttypes.contenttype", "pk": 2, "fields": {"app_label": "auth", "model": "permission"}}, {"model": "contenttypes.contenttype", "pk": 3, "fields": {"app_label": "auth", "model": "group"}}, {"model": "contenttypes.contenttype", "pk": 4, "fields": {"app_label": "auth", "model": "user"}}, {"model": "contenttypes.contenttype", "pk": 5, "fields": {"app_label": "contenttypes", "model": "contenttype"}}, {"model": "contenttypes.contenttype", "pk": 6, "fields": {"app_label": "sessions", "model": "session"}}, {"model": "contenttypes.contenttype", "pk": 7, "fields": {"app_label": "news", "model": "author"}}, {"model": "contenttypes.contenttype", "pk": 8, "fields": {"app_label": "news", "model": "category"}}, {"model": "contenttypes.contenttype", "pk": 9, "fields": {"app_label": "news", "model": "post"}}, {"model": "contenttypes.contenttype", "pk": 10, "fields": {"app_label": "news", "model": "postcategory"}}, {"model": "contenttypes.contenttype", "pk": 11, "fields": {"app_label": "news", "model": "comment"}}, {"model": "contenttypes.contenttype", "pk": 12, "fields": {"app_label": "sites", "model": "site"}}, {"model": "contenttypes.contenttype", "pk": 13, "fields": {"app_label": "flatpages", "model": "flatpage"}}, {"model": "contenttypes.contenttype", "pk": 14, "fields": {"app_label": "account", "model": "emailaddress"}}, {"model": "contenttypes.contenttype", "pk": 15, "fields": {"app_label": "account", "model": "emailconfirmation"}}, {"model": "contenttypes.contenttype", "pk": 16, "fields": {"app_label": "socialaccount", "model": "socialaccount"}}, {"model": "contenttypes.contenttype", "pk": 17, "fields": {"app_label": "socialaccount", "model": "socialapp"}}, {"model": "contenttypes.contenttype", "pk": 18, "fields": {"app_label": "socialaccount", "model": "socialtoken"}}, {"model": "contenttypes.contenttype", "pk": 19, "fields": {"app_label": "django_apscheduler", "model": "djangojob"}}, {"model": "contenttypes.contenttype", "pk": 20, "fields": {"app_label": "django_apscheduler", "model": "djangojobexecution"}}, {"model": "sessions.session", "pk": "62902t6sh83couuo98f3o2dbw5qe6b0r", "fields": {"session_data": ".eJxlUMtuwzAM-xedgyB2_Mxp3W8Mg6HYAhI0jyJ2sBVF_312l0u2m0BSFMUHoPfrviSHexpoSaPHNK6LmykNa4jQfTzgd4YObhjj17oFqAATdEyz1lollakbY62ogGYcpyyM-zbjdMfl-laQetvh-VnB64jbI21uLH5Mwwns0V9pKQxOU4HrI1390hx0rC-nrO_H1slqwDhkH66FkoK1QgvDkQfPpOfCSGM15uB9MIIbTd4L2-dJBqkaT8S01y2zisqn_wui4P78z5jiSuUEkWIs_dH3bdzu0DXPH_fKdSI:1rzknw:mG2YSEoUExN4sjKS9oRvgkuntW9OAGVA10j1j3dkgp0", "expire_date": "2024-05-08T22:09:28.117Z"}}, {"model": "sessions.session", "pk": "7mssdxf5j8u4x8w4tmw79xl98blzh8ec", "fields": {"session_data": ".eJyFjkEKwyAQRe8ya5GqaaOueo9SwmCESKMGR2lDyN2b0gNk93k8Hn8DdC63VAdsdfKpBoc15DREX6c8EtjHBv8NFhYkeucyAgOsYEUvlNLa9IILc1WdZOAjhvkwqZWI84rpdY90IF4a7OwsZaQ2_Cb7TquT1JPBQJ7od9V_llBWsJf9CyHTRLY:1rxCp7:zKz-5cbZRZrj6E0gMDTOKHNrhjv5E7YkfNIfpf10qVU", "expire_date": "2024-05-01T21:28:09.629Z"}}, {"model": "sessions.session", "pk": "dag92a4oqnwrwpw46lmwtiaebxc9uk9z", "fields": {"session_data": ".eJxlUMtuwzAM-xedg8BvOzmt-41hMBRbQILmUcQOtqLovy_ucsl2E0iKovgADGHZ5uxxyz3NeQiYh2X2E-V-iQnajwf8ztDCDVP6WtYIFWCGllsujVKSsVpxo5mrgCYcxl2ZtnXC8Y7z9a0g9brB87OC1xW_JVr9UAy5hRPYYbjSXBgcxwLXR7z6pTnoVF9OYd-PrZNVj6nffYRVRisulVVOoIiB6yCU066xaLTpolPCWQpBNd0-6agNC0TcBit5Y6i8-r8hiv5vAVIIqfcEiVIqBdL3bVjv0LLnDx67dRU:1ryHAC:sBcHzCe6dENQ-jnyujMfntbXDlKp6WfWqELohkPeN4I", "expire_date": "2024-05-04T20:18:20.434Z"}}, {"model": "sessions.session", "pk": "otihan73ayr02pxw9vbscfn7i2h2k7zx", "fields": {"session_data": ".eJyFUctqxDAM_Bedg7ETP3Nq-xulGMUWJGweS-zQLsv-e-M2l7TQ3sRoNNKM7oAhLNucPW65pzkPAfOwzH6i3C8xQft6h-8aWrhiSu_LGqECzNAKIxqljLOaKeu44rYCmnAYd2ra1gnHG86Xp4KwdYNH9Z-U5UIwLq22zd9KbxX4RCmVS-njOqw3aPmOFRN-S7T6oSwRBk5gh-FCc-ngOBaYHe7ZF-doJ_Z8yuLlmDpJ9Zj6Xac2UispGmmkrbGOQahQS7vHYVAr3UUra2soBOm6vVJRaR6IhAmmEU5Tsf_7ART9z1CUVc49PgGDTIx0:1rxuiR:0vjbFXbMkbX9niS8hUsmjkJ6PQ7EZyFG0C7D8AoVRhY", "expire_date": "2024-05-03T20:20:11.060Z"}}, {"model": "sessions.session", "pk": "rt6t51nkd8axqgt62ctp7w791h5ynu1e", "fields": {"session_data": ".eJxVj80KwyAQhN_FcxH_oia39kVkNSuRWgOJ9lL67k1KSslxZ2a_YV4EQphbqe6JS4oJR4cPSJkMpeV8IQ5anVxbcXFpJAPpyEnzEO5YdgNy3mV64Og3c9grvW4XlpoC1DSX2_F1Qk2wTnuBFCBkP4porPQqKqVM7LQK2goAHK002mMHDKPSfeSSsxj6GPyWDEzrDfpbBP_SbRZUMnDDhbGKW0Y7y5Tk4v0ByqhV5Q:1rufPI:_IKrLSJE5szEHnJT3Xb_r9XH1xJG5g7ZYVpGXlJZ_Qk", "expire_date": "2024-04-24T21:23:00.582Z"}}, {"model": "news.author", "pk": 1, "fields": {"user": 1, "rating": 13}}, {"model": "news.author", "pk": 2, "fields": {"user": 2, "rating": 10}}, {"model": "news.category", "pk": 1, "fields": {"name": "Спорт", "subscribers": [17]}}, {"model": "news.category", "pk": 2, "fields": {"name": "Наука", "subscribers": [17]}}, {"model": "news.category", "pk": 3, "fields": {"name": "Образование", "subscribers": []}}, {"model": "news.category", "pk": 4, "fields": {"name": "Культура", "subscribers": []}}, {"model": "news.post", "pk": 1, "fields": {"author": 1, "type": "N", "date_in": "2024-03-17T16:32:08.629Z", "title": "Figure Skating News", "text": "Yuzuru Hanyu is the best", "rating": 2}}, {"model": "news.post", "pk": 2, "fields": {"author": 1, "type": "A", "date_in": "2024-03-17T16:32:08.632Z", "title": "Music lessons in schools", "text": "Some text about music lessons", "rating": 1}}, {"model": "news.post", "pk": 3, "fields": {"author": 2, "type": "A", "date_in": "2024-03-17T16:32:08.635Z", "title": "New required equipments in schools", "text": "Schools will get new equipments for physics", "rating": 2}}, {"model": "news.post", "pk": 6, "fields": {"author": 1, "type": "N", "date_in": "2024-04-07T22:46:57.300Z", "title": "sport", "text": "Lorem ipsum dolor sit amet, consectetur adipiscing elit, sed do eiusmod tempor incididunt ut labore et dolore magna aliqua. Nisl purus in mollis nunc sed id semper risus in. Luctus accumsan tortor posuere ac ut consequat. Tincidunt lobortis feugiat vivamus at. Egestas quis ipsum suspendisse ultrices gravida dictum fusce ut placerat. Gravida quis blandit turpis cursus. Nam libero justo laoreet sit amet cursus sit amet dictum.", "rating": 0}}, {"model": "news.post", "pk": 7, "fields": {"author": 1, "type": "N", "date_in": "2024-04-07T22:49:10.758Z", "title": "culture words", "text": "posuere ac ut consequat semper viverra nam libero justo laoreet sit amet cursus sit amet", "rating": 0}}, {"model": "news.post", "pk": 8, "fields": {"author": 1, "type": "N", "date_in": "2024-04-19T21:10:48.935Z", "title": "443", "text": "zdxfcgvhb", "rating": 0}}, {"model": "news.post", "pk": 9, "fields": {"author": 2, "type": "N", "date_in": "2024-04-20T11:18:55.849Z", "title": "wdw", "text": "dfwefcqgyhuijokqo xascvbknxs vuyfujbc", "rating": 0}}, {"model": "news.post", "pk": 10, "fields": {"author": 1, "type": "N", "date_in": "2024-04-20T20:19:17.912Z", "title": "3456", "text": "dtfygu rctuybnc ygiuh", "rating": 0}}, {"model": "news.post", "pk": 11, "fields": {"author": 1, "type": "N", "date_in": "2024-04-20T20:26:58.285Z", "title": "h", "text": "hhhjhj", "rating": 0}}, {"model": "news.post", "pk": 12, "fields": {"author": 1, "type": "N", "date_in": "2024-04-20T20:40:51.357Z", "title": "dfgh", "text": "dog ski uij", "rating": 0}}, {"model": "news.post", "pk": 13, "fields": {"author": 1, "type": "N", "date_in": "2024-04-24T22:10:19.080Z", "title": "45 tfgh", "text": "fg 5676 dyfugyi 3546y", "rating": 0}}, {"model": "news.post", "pk": 14, "fields": {"author": 2, "type": "N", "date_in": "2024-04-24T22:12:09.138Z", "title": "fgh gg", "text": "fghjcghjhgvhjijhvbhjjhbv cghgvggvhb hv", "rating": 0}}, {"model": "news.postcategory", "pk": 1, "fields": {"post": 1, "category": 1}}, {"model": "news.postcategory", "pk": 2, "fields": {"post": 2, "category": 3}}, {"model": "news.postcategory", "pk": 3, "fields": {"post": 2, "category": 4}}, {"model": "news.postcategory", "pk": 4, "fields": {"post": 3, "category": 2}}, {"model": "news.postcategory", "pk": 5, "fields": {"post": 3, "category": 3}}, {"model": "news.postcategory", "pk": 9, "fields": {"post": 6, "category": 1}}, {"model": "news.postcategory", "pk": 10, "fields": {"post": 7, "category": 4}}, {"model": "news.postcategory", "pk": 11, "fields": {"post": 8, "category": 2}}, {"model": "news.postcategory", "pk": 12, "fields": {"post": 9, "category": 2}}, {"model": "news.postcategory", "pk": 13, "fields": {"post": 10, "category": 1}}, {"model": "news.postcategory", "pk": 14, "fields": {"post": 11, "category": 1}}, {"model": "news.postcategory", "pk": 15, "fields": {"post": 12, "category": 1}}, {"model": "news.postcategory", "pk": 16, "fields": {"post": 13, "category": 2}}, {"model": "news.postcategory", "pk": 17, "fields": {"post": 14, "category": 1}}, {"model": "news.comment", "pk": 1, "fields": {"post": 1, "user": 2, "text": "Facts", "date_in": "2024-03-17T16:32:08.650Z", "rating": 0}}, {"model": "news.comment", "pk": 2, "fields": {"post": 1, "user": 2, "text": "Seimei is the best program ever", "date_in": "2024-03-17T16:32:08.652Z", "rating": 1}}, {"model": "news.comment", "pk": 3, "fields": {"post": 2, "user": 2, "text": "Like it", "date_in": "2024-03-17T16:32:08.654Z", "rating": 1}}, {"model": "news.comment", "pk": 4, "fields": {"post": 3, "user": 1, "text": "Good news!", "date_in": "2024-03-17T16:32:08.656Z", "rating": 2}}, {"model": "sites.site", "pk": 1, "fields": {"domain": "127.0.0.1", "name": "example.com"}}, {"model": "account.emailaddress", "pk": 1, "fields": {"user": 3, "email": "1@example.com", "verified": false, "primary": true}}, {"model": "account.emailaddress", "pk": 2, "fields": {"user": 4, "email": "234@example.com", "verified": false, "primary": true}}, {"model": "account.emailaddress", "pk": 3, "fields": {"user": 5, "email": "123@example.com", "verified": false, "primary": true}}, {"model": "account.emailaddress", "pk": 5, "fields": {"user": 7, "email": "23@example.com", "verified": false, "primary": true}}, {"model": "account.emailaddress", "pk": 6, "fields": {"user": 8, "email": "456@example.com", "verified": false, "primary": true}}, {"model": "account.emailaddress", "pk": 8, "fields": {"user": 11, "email": "ksurmalyan@yandex.ru", "verified": true, "primary": true}}, {"model": "account.emailaddress", "pk": 9, "fields": {"user": 12, "email": "454@example.com", "verified": false, "primary": true}}, {"model": "account.emailaddress", "pk": 10, "fields": {"user": 10, "email": "111@example.com", "verified": false, "primary": false}}, {"model": "account.emailaddress", "pk": 11, "fields": {"user": 13, "email": "group@example.com", "verified": false, "primary": true}}, {"model": "account.emailaddress", "pk": 13, "fields": {"user": 15, "email": "1@yandex.com", "verified": false, "primary": true}}, {"model": "account.emailaddress", "pk": 15, "fields": {"user": 17, "email": "surmalyank@mail.ru", "verified": true, "primary": true}}, {"model": "socialaccount.socialapp", "pk": 1, "fields": {"provider": "yandex", "provider_id": "", "name": "News Portal", "client_id": "7760403f1243460ea9947fe4ca3681c3", "secret": "624957829b554d86935cff5ac267299c", "key": "", "settings": {}, "sites": [1]}}, {"model": "socialaccount.socialaccount", "pk": 1, "fields": {"user": 11, "provider": "yandex", "uid": "1367244057", "last_login": "2024-04-17T21:22:13.565Z", "date_joined": "2024-04-11T18:43:44.309Z", "extra_data": {"id": "1367244057", "login": "ksurmalyan", "client_id": "7760403f1243460ea9947fe4ca3681c3", "display_name": "ksurmalyan", "real_name": "Карине Сурмалян", "first_name": "Карине", "last_name": "Сурмалян", "sex": "female", "default_email": "ksurmalyan@yandex.ru", "emails": ["ksurmalyan@yandex.ru"], "psuid": "1.AAubyQ._2to-Fg_Jzeq_i2E28WKlQ.qYDR8fC7-vcpc79Wermc0g"}}}]